BC_exp1_wells,BC_exp1_wells2,Cell Line,Barcode 1,Barcode 2,Barcode 3,Notes,Position
A1,C1,1,AATTTTGCGG,,,,1
A2,C2,2,TGACTTTTAA,,,,2
A3,C3,4,TAACAGTATG,,,,3
A4,C4,6,TTTTTGTGAA,GTTATACTGT,CAACTCGGTC,,4
A5,C5,9,CAATTGTCAT,,,,5
A6,C6,10,GCCGCTCAGT,,,,6
A7,C7,15,TATAGCCACC,,,,22
A8,C8,16,TGCACGTCAT,,,,7
A9,C9,17,GCGATCCCGG,,,,8
A10,C10,18,AACCTAAGTT,,,,9
A11,C11,19,ACTGCTCCCT,,,,10
A12,C12,22,TTTTACAGAT,,,,11
B1,D1,23,ACATAAATTA,,,,12
B2,D2,24,CCTTCGACTC,,,,23
B3,D3,29,TCCGGACTCA,,,,13
B4,D4,31,GGTATAAAAA,,,,14
B5,D5,34,CGTATTCTCT,,,,24
B6,D6,35,GTCCCAAAAA,,,,15
B7,D7,37,AGTTTTTCAA,,,,16
B8,D8,38,GGTTACACTT,,,,17
B9,D9,41,TCTTAGCATT,,,,18
B10,D10,42,GTCCTGCTAA,,,,19
B11,D11,44,CAATAACCGA,,,,20
B12,D12,45,TTCAATTCGA,,,,21
